sit_id;zet_id;zet_parent
estrees-mons;acbb_mons;
estrees-mons;annexe;estreesmons__NULL_KEY__acbb_mons
estrees-mons;bio;estreesmons__NULL_KEY__acbb_mons
estrees-mons;bloc;estreesmons__NULL_KEY__acbb_mons
estrees-mons;ges;estreesmons__NULL_KEY__acbb_mons
estrees-mons;a25;estrees-mons__estrees-mons__NULL_KEY__acbb_mons__annexe
estrees-mons;a26;estrees-mons__estrees-mons__NULL_KEY__acbb_mons__annexe
estrees-mons;a27;estrees-mons__estrees-mons__NULL_KEY__acbb_mons__ges
estrees-mons;a28;estrees-mons__estrees-mons__NULL_KEY__acbb_mons__ges
estrees-mons;a29;estrees-mons__estrees-mons__NULL_KEY__acbb_mons__bio
estrees-mons;a30;estrees-mons__estrees-mons__NULL_KEY__acbb_mons__bio
estrees-mons;a31;estrees-mons__estrees-mons__NULL_KEY__acbb_mons__bio
estrees-mons;a32;estrees-mons__estrees-mons__NULL_KEY__acbb_mons__bio
estrees-mons;a33;estrees-mons__estrees-mons__NULL_KEY__acbb_mons__bio
estrees-mons;a34;estrees-mons__estrees-mons__NULL_KEY__acbb_mons__bio
estrees-mons;blo1;estrees-mons__estrees-mons__NULL_KEY__acbb_mons__bloc
estrees-mons;blo2;estrees-mons__estrees-mons__NULL_KEY__acbb_mons__bloc
estrees-mons;blo3;estrees-mons__estrees-mons__NULL_KEY__acbb_mons__bloc
estrees-mons;blo4;estrees-mons__estrees-mons__NULL_KEY__acbb_mons__bloc
estrees-mons;a01;estreesmons__estreesmons__estreesmons__NULL_KEY__acbb_mons__bloc__blo1
estrees-mons;a02;estreesmons__estreesmons__estreesmons__NULL_KEY__acbb_mons__bloc__blo1
estrees-mons;a03;estreesmons__estreesmons__estreesmons__NULL_KEY__acbb_mons__bloc__blo1
estrees-mons;a04;estreesmons__estreesmons__estreesmons__NULL_KEY__acbb_mons__bloc__blo1
estrees-mons;a05;estreesmons__estreesmons__estreesmons__NULL_KEY__acbb_mons__bloc__blo1
estrees-mons;a06;estreesmons__estreesmons__estreesmons__NULL_KEY__acbb_mons__bloc__blo1
estrees-mons;a07;estreesmons__estreesmons__estreesmons__NULL_KEY__acbb_mons__bloc__blo2
estrees-mons;a08;estreesmons__estreesmons__estreesmons__NULL_KEY__acbb_mons__bloc__blo2
estrees-mons;a09;estreesmons__estreesmons__estreesmons__NULL_KEY__acbb_mons__bloc__blo2
estrees-mons;a10;estreesmons__estreesmons__estreesmons__NULL_KEY__acbb_mons__bloc__blo2
estrees-mons;a11;estreesmons__estreesmons__estreesmons__NULL_KEY__acbb_mons__bloc__blo2
estrees-mons;a12;estreesmons__estreesmons__estreesmons__NULL_KEY__acbb_mons__bloc__blo2
estrees-mons;a13;estreesmons__estreesmons__estreesmons__NULL_KEY__acbb_mons__bloc__blo3
estrees-mons;a14;estreesmons__estreesmons__estreesmons__NULL_KEY__acbb_mons__bloc__blo3
estrees-mons;a15;estreesmons__estreesmons__estreesmons__NULL_KEY__acbb_mons__bloc__blo3
estrees-mons;a16;estreesmons__estreesmons__estreesmons__NULL_KEY__acbb_mons__bloc__blo3
estrees-mons;a17;estreesmons__estreesmons__estreesmons__NULL_KEY__acbb_mons__bloc__blo3
estrees-mons;a18;estreesmons__estreesmons__estreesmons__NULL_KEY__acbb_mons__bloc__blo3
estrees-mons;a19;estreesmons__estreesmons__estreesmons__NULL_KEY__acbb_mons__bloc__blo4
estrees-mons;a20;estreesmons__estreesmons__estreesmons__NULL_KEY__acbb_mons__bloc__blo4
estrees-mons;a21;estreesmons__estreesmons__estreesmons__NULL_KEY__acbb_mons__bloc__blo4
estrees-mons;a22;estreesmons__estreesmons__estreesmons__NULL_KEY__acbb_mons__bloc__blo4
estrees-mons;a23;estreesmons__estreesmons__estreesmons__NULL_KEY__acbb_mons__bloc__blo4
estrees-mons;a24;estreesmons__estreesmons__estreesmons__NULL_KEY__acbb_mons__bloc__blo4
